Year,Month,Gold Rate
1901,Jan,560.91
1901,Feb,641
1901,Mar,524.97
1901,Apr,664.17
1901,May,572.64
1901,Jun,634.45
1901,Jul,737.56
1901,Aug,720.9
1901,Sep,795.97
1901,Oct,806.17
1901,Nov,1013.87
1901,Dec,854.39
1902,Jan,1104.49
1902,Feb,1147.07
1902,Mar,1035.18
1902,Apr,1231.08
1902,May,1509.89
1902,Jun,1748.85
1902,Jul,1781.58
1902,Aug,1368.27
1902,Sep,2050.53
1902,Oct,1771.02
1902,Nov,2058.65
1902,Dec,1981.96
1903,Jan,1963.32
1903,Feb,2556.88
1903,Mar,2071.77
1903,Apr,3035.75
1903,May,2660.18
1903,Jun,3564.17
1903,Jul,3310.24
1903,Aug,3190.13
1903,Sep,3441.21
1903,Oct,3205.9
1903,Nov,4214.93
1903,Dec,4396.33
1904,Jan,4331.92
1904,Feb,4891.44
1904,Mar,4231.23
1904,Apr,4942.86
1904,May,5368.73
1904,Jun,5491.13
1904,Jul,5010.4
1904,Aug,6497.91
1904,Sep,7612.42
1904,Oct,5807.01
1904,Nov,5404.25
1904,Dec,7811.02
1905,Jan,8150.96
1905,Feb,6664.99
1905,Mar,6926.87
1905,Apr,6803.3
1905,May,7481.12
1905,Jun,8376.48
1905,Jul,7786.17
1905,Aug,10903.46
1905,Sep,10328.95
1905,Oct,12125.13
1905,Nov,10726.48
1905,Dec,12296.46
1906,Jan,10630.75
1906,Feb,10747.26
1906,Mar,11529.01
1906,Apr,13633.6
1906,May,13503.8
1906,Jun,15073.47
1906,Jul,14762.61
1906,Aug,15632.98
1906,Sep,14885.13
1906,Oct,15621.78
1906,Nov,15333.99
1906,Dec,13526.42
1907,Jan,16067.92
1907,Feb,18009.88
1907,Mar,18134.69
1907,Apr,19262.31
1907,May,18489.81
1907,Jun,18907.41
1907,Jul,19656.48
1907,Aug,16933.82
1907,Sep,20066.18
1907,Oct,20705.83
1907,Nov,23844.36
1907,Dec,23719.97
1908,Jan,17240.54
1908,Feb,21674.83
1908,Mar,25544.78
1908,Apr,19069.16
1908,May,21233.29
1908,Jun,20215.44
1908,Jul,26583.94
1908,Aug,26330.25
1908,Sep,29741.51
1908,Oct,25136.93
1908,Nov,30504.29
1908,Dec,24701.8
1909,Jan,27719.55
1909,Feb,22763.95
1909,Mar,31993.95
1909,Apr,30464.6
1909,May,27562.79
1909,Jun,25157.89
1909,Jul,26069.15
1909,Aug,37308.87
1909,Sep,26849.93
1909,Oct,35811.49
1909,Nov,31461.64
1909,Dec,29709.63
1910,Jan,37284.44
1910,Feb,41499.12
1910,Mar,32519.39
1910,Apr,33826.83
1910,May,33385.53
1910,Jun,43064.98
1910,Jul,42976.98
1910,Aug,32854.36
1910,Sep,30509.58
1910,Oct,38227.48
1910,Nov,39791.4
1910,Dec,34795.33
1911,Jan,43856.2
1911,Feb,42834.56
1911,Mar,46258.9
1911,Apr,50137.74
1911,May,42537.82
1911,Jun,44649.26
1911,Jul,43866.78
1911,Aug,53689.11
1911,Sep,37890.43
1911,Oct,45267.05
1911,Nov,51671.59
1911,Dec,39025.59
1912,Jan,55579.05
1912,Feb,43221.79
1912,Mar,59500.06
1912,Apr,50976.32
1912,May,59933.27
1912,Jun,60538.48
1912,Jul,51113.61
1912,Aug,58412.66
1912,Sep,45802.15
1912,Oct,61023.04
1912,Nov,56596.7
1912,Dec,55861.94
1913,Jan,60724.98
1913,Feb,46983.46
1913,Mar,66085.2
1913,Apr,46263.29
1913,May,70725.16
1913,Jun,62109.69
1913,Jul,54447.69
1913,Aug,64648.48
1913,Sep,57695.53
1913,Oct,62693.95
1913,Nov,54283.79
1913,Dec,59873.66
1914,Jan,75538.34
1914,Feb,64737.51
1914,Mar,62165.02
1914,Apr,71419.44
1914,May,69814.5
1914,Jun,64399.9
1914,Jul,63312.02
1914,Aug,66741.11
1914,Sep,76941.92
1914,Oct,84548.01
1914,Nov,64838.31
1914,Dec,76624.16
1915,Jan,60261.72
1915,Feb,72520.61
1915,Mar,86992.03
1915,Apr,82853.06
1915,May,65287.33
1915,Jun,72384.93
1915,Jul,81719.59
1915,Aug,75695.9
1915,Sep,78786.34
1915,Oct,84287.08
1915,Nov,85521.63
1915,Dec,97023.1
1916,Jan,82359.38
1916,Feb,91068.76
1916,Mar,93413.93
1916,Apr,100029.98
1916,May,96503.49
1916,Jun,101979.49
1916,Jul,98541.34
1916,Aug,99642.58
1916,Sep,72506.91
1916,Oct,74562.32
1916,Nov,106713.92
1916,Dec,79122.86
1917,Jan,75781.77
1917,Feb,108767.01
1917,Mar,106024.8
1917,Apr,114986.39
1917,May,92062.44
1917,Jun,96798.32
1917,Jul,108583.55
1917,Aug,97665.21
1917,Sep,110046.24
1917,Oct,84965.07
1917,Nov,125062.37
1917,Dec,90727.01
1918,Jan,123432.24
1918,Feb,101876.2
1918,Mar,95423.65
1918,Apr,115153.14
1918,May,112783.86
1918,Jun,125567.63
1918,Jul,125139.89
1918,Aug,90020.06
1918,Sep,97004.67
1918,Oct,107007.89
1918,Nov,97485.64
1918,Dec,93789.97
1919,Jan,118540.18
1919,Feb,132971.64
1919,Mar,143085.26
1919,Apr,120132.7
1919,May,144184.11
1919,Jun,141775.62
1919,Jul,137972.36
1919,Aug,146859.8
1919,Sep,145406
1919,Oct,132189.01
1919,Nov,115144.82
1919,Dec,145429.19
1920,Jan,110304.18
1920,Feb,138362.07
1920,Mar,142692.06
1920,Apr,144466.64
1920,May,129200.23
1920,Jun,165939.85
1920,Jul,120415.3
1920,Aug,121773.55
1920,Sep,137610.5
1920,Oct,171146.06
1920,Nov,166805.39
1920,Dec,170578.78
1921,Jan,164635.82
1921,Feb,138285.25
1921,Mar,182971.23
1921,Apr,144884.24
1921,May,172405.02
1921,Jun,157318.44
1921,Jul,138475.67
1921,Aug,167793.59
1921,Sep,146599.38
1921,Oct,170835.42
1921,Nov,161714.11
1921,Dec,134753.25
1922,Jan,185477.19
1922,Feb,196160.38
1922,Mar,150005.19
1922,Apr,166506.05
1922,May,147485.27
1922,Jun,165033.07
1922,Jul,202438.63
1922,Aug,148346.6
1922,Sep,193459.21
1922,Oct,191719.87
1922,Nov,157230.9
1922,Dec,164033.07
1923,Jan,170468
1923,Feb,211830.43
1923,Mar,168490.97
1923,Apr,152512.85
1923,May,186458.17
1923,Jun,201986.15
1923,Jul,201529.6
1923,Aug,164335.76
1923,Sep,211140.09
1923,Oct,212083.98
1923,Nov,173050.17
1923,Dec,192686.7
1924,Jan,156963.69
1924,Feb,164923
1924,Mar,167621.32
1924,Apr,171001.53
1924,May,204788.07
1924,Jun,196277.62
1924,Jul,207830.68
1924,Aug,169346.62
1924,Sep,189591.5
1924,Oct,201097.12
1924,Nov,186728.69
1924,Dec,158237.59
1925,Jan,220616.56
1925,Feb,223656.86
1925,Mar,194518.28
1925,Apr,190144.08
1925,May,222887.75
1925,Jun,219221.37
1925,Jul,220844.27
1925,Aug,224995.52
1925,Sep,251769.82
1925,Oct,251407.73
1925,Nov,201603.84
1925,Dec,206088.66
1926,Jan,238834.61
1926,Feb,221781.37
1926,Mar,218325.82
1926,Apr,239603.59
1926,May,181229.55
1926,Jun,255547.08
1926,Jul,270942.29
1926,Aug,235504.33
1926,Sep,251653.77
1926,Oct,286205.73
1926,Nov,209819.85
1926,Dec,246588.14
1927,Jan,211294.44
1927,Feb,247200.55
1927,Mar,189915.74
1927,Apr,245487.97
1927,May,235918.98
1927,Jun,281495.06
1927,Jul,258162.99
1927,Aug,253674.01
1927,Sep,196819.65
1927,Oct,231235.64
1927,Nov,263386.84
1927,Dec,235418.73
1928,Jan,253970.61
1928,Feb,232614.37
1928,Mar,263656.05
1928,Apr,307399.89
1928,May,273988.79
1928,Jun,297603.37
1928,Jul,251969.44
1928,Aug,308117.34
1928,Sep,233036.46
1928,Oct,268444.23
1928,Nov,258099.14
1928,Dec,296632.02
1929,Jan,217493.29
1929,Feb,270636.95
1929,Mar,243528.12
1929,Apr,251038.74
1929,May,247045.15
1929,Jun,285983.02
1929,Jul,273301.9
1929,Aug,264776.52
1929,Sep,248840.25
1929,Oct,291214.64
1929,Nov,231419.8
1929,Dec,275727.77
1930,Jan,348640.98
1930,Feb,242177.06
1930,Mar,323021.7
1930,Apr,324609.49
1930,May,261656.35
1930,Jun,283928.2
1930,Jul,272996.68
1930,Aug,271437.12
1930,Sep,323213.54
1930,Oct,327542.55
1930,Nov,300174.15
1930,Dec,273006.7
1931,Jan,256886.34
1931,Feb,361900.06
1931,Mar,361095.21
1931,Apr,282818.41
1931,May,286421.23
1931,Jun,311608.13
1931,Jul,353856.88
1931,Aug,282567.79
1931,Sep,259216.92
1931,Oct,256887.54
1931,Nov,334210.39
1931,Dec,262388.9
1932,Jan,329018.23
1932,Feb,338606.57
1932,Mar,320559.21
1932,Apr,373811.81
1932,May,283172.36
1932,Jun,289069.87
1932,Jul,336899.75
1932,Aug,373676.95
1932,Sep,360772.92
1932,Oct,355694.26
1932,Nov,396396.06
1932,Dec,308438.12
1933,Jan,365234.18
1933,Feb,341648.09
1933,Mar,415588.92
1933,Apr,400053.97
1933,May,295722.86
1933,Jun,306438.12
1933,Jul,334885.3
1933,Aug,303680.58
1933,Sep,389899.54
1933,Oct,366914.4
1933,Nov,320664.24
1933,Dec,321368.56
1934,Jan,353671.02
1934,Feb,316894.48
1934,Mar,442000.04
1934,Apr,299959.17
1934,May,350609.94
1934,Jun,423389.01
1934,Jul,405171.66
1934,Aug,333234.72
1934,Sep,349657.63
1934,Oct,367025.22
1934,Nov,444456.39
1934,Dec,374174.68
1935,Jan,342042.28
1935,Feb,452905.36
1935,Mar,337077.19
1935,Apr,377214.89
1935,May,398994.93
1935,Jun,435532.83
1935,Jul,307483.98
1935,Aug,305396.59
1935,Sep,345483.68
1935,Oct,390387.51
1935,Nov,383570.83
1935,Dec,421913.48
1936,Jan,329831.98
1936,Feb,426462.66
1936,Mar,452430.95
1936,Apr,472222.92
1936,May,371918.8
1936,Jun,420063.6
1936,Jul,481271.59
1936,Aug,380320.69
1936,Sep,467352.23
1936,Oct,465470.87
1936,Nov,390249.95
1936,Dec,398838.17
1937,Jan,384136.58
1937,Feb,390927.17
1937,Mar,451328.14
1937,Apr,504012.95
1937,May,422751.15
1937,Jun,477717.73
1937,Jul,508241.69
1937,Aug,430078.29
1937,Sep,431006.03
1937,Oct,433559.57
1937,Nov,431847.9
1937,Dec,426347.06
1938,Jan,503031.58
1938,Feb,452881.89
1938,Mar,371117.66
1938,Apr,380441.73
1938,May,424670.84
1938,Jun,499374.8
1938,Jul,439604.82
1938,Aug,457026.79
1938,Sep,457948.6
1938,Oct,448787.33
1938,Nov,378973.13
1938,Dec,425957.83
1939,Jan,378192.75
1939,Feb,540481.89
1939,Mar,432215.26
1939,Apr,453847
1939,May,451458.54
1939,Jun,479790.51
1939,Jul,409596.86
1939,Aug,376786.84
1939,Sep,440982.09
1939,Oct,436558.41
1939,Nov,498491.17
1939,Dec,528078.75
1940,Jan,535490.81
1940,Feb,503149.38
1940,Mar,464805.89
1940,Apr,481752.19
1940,May,430554.69
1940,Jun,484812.65
1940,Jul,429825.4
1940,Aug,542058.97
1940,Sep,457096.09
1940,Oct,403657.86
1940,Nov,413424.84
1940,Dec,495925.86
1941,Jan,453350.55
1941,Feb,427666.54
1941,Mar,465447.87
1941,Apr,564895.39
1941,May,582903.69
1941,Jun,446250.5
1941,Jul,566906.61
1941,Aug,504521.31
1941,Sep,521437.13
1941,Oct,431234.77
1941,Nov,612261.34
1941,Dec,428867.87
1942,Jan,419577.91
1942,Feb,472646.61
1942,Mar,561159.28
1942,Apr,586090.41
1942,May,448600.68
1942,Jun,412435.75
1942,Jul,628110.32
1942,Aug,496587.37
1942,Sep,539199.91
1942,Oct,529960.11
1942,Nov,448425.97
1942,Dec,525150.67
1943,Jan,542509.28
1943,Feb,465336.18
1943,Mar,628241.48
1943,Apr,577178.59
1943,May,533030.1
1943,Jun,443976.38
1943,Jul,560176.94
1943,Aug,557319.76
1943,Sep,631226.78
1943,Oct,556450.85
1943,Nov,656949.15
1943,Dec,537754.04
1944,Jan,675608.73
1944,Feb,575230.51
1944,Mar,679082.75
1944,Apr,548018.66
1944,May,500977.24
1944,Jun,590840.54
1944,Jul,580409.12
1944,Aug,498242.39
1944,Sep,550666.12
1944,Oct,469097.65
1944,Nov,637952.91
1944,Dec,686523.56
1945,Jan,562734.71
1945,Feb,690512.12
1945,Mar,448022.11
1945,Apr,706247.7
1945,May,659792.06
1945,Jun,611456.42
1945,Jul,488633.34
1945,Aug,630119.73
1945,Sep,627963.32
1945,Oct,573330.13
1945,Nov,588955.88
1945,Dec,609221.54
1946,Jan,692804.63
1946,Feb,622365.4
1946,Mar,677638.69
1946,Apr,502901.3
1946,May,698825.07
1946,Jun,691166.87
1946,Jul,521496.43
1946,Aug,572081.75
1946,Sep,617140.85
1946,Oct,618997.91
1946,Nov,597953.13
1946,Dec,593326.77
1947,Jan,651311.88
1947,Feb,695328.01
1947,Mar,491136.22
1947,Apr,508033.17
1947,May,576450.96
1947,Jun,735259.78
1947,Jul,615062.85
1947,Aug,534326.61
1947,Sep,598861.74
1947,Oct,727261.3
1947,Nov,657500.86
1947,Dec,687484.26
1948,Jan,610683.52
1948,Feb,619159.85
1948,Mar,547437.65
1948,Apr,730951.48
1948,May,662502.27
1948,Jun,700152.11
1948,Jul,643395.87
1948,Aug,686754.7
1948,Sep,597611.41
1948,Oct,525465.06
1948,Nov,655527.29
1948,Dec,607830.35
1949,Jan,793466.91
1949,Feb,570802.13
1949,Mar,666721.95
1949,Apr,617014.97
1949,May,698288.48
1949,Jun,584682.47
1949,Jul,560569.35
1949,Aug,585871.46
1949,Sep,806302.05
1949,Oct,784420.73
1949,Nov,655049.83
1949,Dec,641511.4
1950,Jan,591217.7
1950,Feb,772449.76
1950,Mar,682225.63
1950,Apr,696777.19
1950,May,676075.66
1950,Jun,774515.4
1950,Jul,752724.51
1950,Aug,654251.48
1950,Sep,616112.29
1950,Oct,818421.96
1950,Nov,609427.49
1950,Dec,737304.73
1951,Jan,747627.02
1951,Feb,703338.64
1951,Mar,682231.57
1951,Apr,819339.25
1951,May,668621.91
1951,Jun,598029.46
1951,Jul,635058.88
1951,Aug,826456.62
1951,Sep,623143.71
1951,Oct,711098.64
1951,Nov,793413.59
1951,Dec,640493.67
1952,Jan,676415.25
1952,Feb,605910.15
1952,Mar,685594.44
1952,Apr,690293.32
1952,May,689664.38
1952,Jun,717446.7
1952,Jul,841258.85
1952,Aug,775794.62
1952,Sep,789140.64
1952,Oct,713303.57
1952,Nov,867311.38
1952,Dec,704418.38
1953,Jan,855627.72
1953,Feb,793309.24
1953,Mar,653408.84
1953,Apr,726968.73
1953,May,816706.26
1953,Jun,781101.35
1953,Jul,633827.96
1953,Aug,728586.22
1953,Sep,773321.13
1953,Oct,622253.73
1953,Nov,676547.95
1953,Dec,670724.77
1954,Jan,678867.71
1954,Feb,747778.55
1954,Mar,869406.03
1954,Apr,786351.98
1954,May,927906.75
1954,Jun,878425.29
1954,Jul,866217.52
1954,Aug,866148.15
1954,Sep,646490.43
1954,Oct,728782.69
1954,Nov,738873.25
1954,Dec,701225.07
1955,Jan,634789.38
1955,Feb,806167.61
1955,Mar,833303
1955,Apr,834415.95
1955,May,911490.44
1955,Jun,790623.97
1955,Jul,829463.34
1955,Aug,694262.76
1955,Sep,626973.41
1955,Oct,740416.16
1955,Nov,846760.69
1955,Dec,763344.68
1956,Jan,788029.88
1956,Feb,751807.29
1956,Mar,710444.54
1956,Apr,769376.42
1956,May,975160.26
1956,Jun,918661.43
1956,Jul,695358.63
1956,Aug,909825.3
1956,Sep,923774.21
1956,Oct,735398.71
1956,Nov,804669.78
1956,Dec,927376.74
1957,Jan,854049.71
1957,Feb,645280.88
1957,Mar,829784.7
1957,Apr,952235.28
1957,May,964102.85
1957,Jun,665913.51
1957,Jul,813806.98
1957,Aug,998461.71
1957,Sep,754385.06
1957,Oct,733678.52
1957,Nov,809908.8
1957,Dec,826369.34
1958,Jan,747771.11
1958,Feb,864016.61
1958,Mar,832036.42
1958,Apr,812142.22
1958,May,893812.19
1958,Jun,829737.2
1958,Jul,893601.48
1958,Aug,1013823.07
1958,Sep,751711.6
1958,Oct,1042330.99
1958,Nov,856329.54
1958,Dec,1004096.77
1959,Jan,959677.04
1959,Feb,808099.1
1959,Mar,896753.32
1959,Apr,910180.83
1959,May,824913.82
1959,Jun,961630.82
1959,Jul,1004261.05
1959,Aug,791389.65
1959,Sep,783236
1959,Oct,992252.63
1959,Nov,1015361.81
1959,Dec,816032.34
1960,Jan,840658.09
1960,Feb,847795.38
1960,Mar,820918.71
1960,Apr,792437.83
1960,May,909001.85
1960,Jun,828727.83
1960,Jul,1021031.82
1960,Aug,1010238.53
1960,Sep,1055045.01
1960,Oct,868898.24
1960,Nov,915474.88
1960,Dec,796529.01
1961,Jan,800186.31
1961,Feb,875547.36
1961,Mar,951906.63
1961,Apr,881265.98
1961,May,1086409.05
1961,Jun,881350.67
1961,Jul,885939.35
1961,Aug,1008054.07
1961,Sep,961217.74
1961,Oct,1047869.17
1961,Nov,919082.65
1961,Dec,736298.07
1962,Jan,977705.44
1962,Feb,784395.31
1962,Mar,904186.71
1962,Apr,714040.06
1962,May,774215.6
1962,Jun,769427.22
1962,Jul,733775.87
1962,Aug,1104496.32
1962,Sep,947604.14
1962,Oct,975042.03
1962,Nov,1100236.53
1962,Dec,942283.86
1963,Jan,1108990.46
1963,Feb,784024.16
1963,Mar,926075.74
1963,Apr,854537.22
1963,May,788354.24
1963,Jun,1008129.18
1963,Jul,1099105.31
1963,Aug,966912.89
1963,Sep,783529.08
1963,Oct,791293.26
1963,Nov,1137992.29
1963,Dec,846317
1964,Jan,955621.06
1964,Feb,921264.86
1964,Mar,886070.45
1964,Apr,950881.99
1964,May,1063478.15
1964,Jun,1135782.61
1964,Jul,1037073.83
1964,Aug,800133.76
1964,Sep,1106482.44
1964,Oct,990618.65
1964,Nov,1125205.04
1964,Dec,891726.06
1965,Jan,1114819.01
1965,Feb,1134307.59
1965,Mar,860376.38
1965,Apr,1145190.16
1965,May,952352.69
1965,Jun,929936.27
1965,Jul,1059762.27
1965,Aug,968893.57
1965,Sep,934432.32
1965,Oct,949069.04
1965,Nov,1095385.98
1965,Dec,1194453.7
1966,Jan,957656.87
1966,Feb,1033993.75
1966,Mar,858849.43
1966,Apr,886375.57
1966,May,1029209.83
1966,Jun,1102384.64
1966,Jul,998560.57
1966,Aug,1071215.68
1966,Sep,1084108.35
1966,Oct,1027985.36
1966,Nov,900664.57
1966,Dec,1236422.52
1967,Jan,1149042.29
1967,Feb,902252.87
1967,Mar,845260.51
1967,Apr,797195.49
1967,May,830250.11
1967,Jun,991304.77
1967,Jul,1068086.82
1967,Aug,995799.08
1967,Sep,1101504.35
1967,Oct,1239253.42
1967,Nov,1143009.69
1967,Dec,1025186.12
1968,Jan,1136479.63
1968,Feb,850741.18
1968,Mar,1223475.29
1968,Apr,1000339.05
1968,May,984838.79
1968,Jun,1041920.87
1968,Jul,1054648.45
1968,Aug,901047.47
1968,Sep,1133668
1968,Oct,1067881.05
1968,Nov,1147373.5
1968,Dec,901197.68
1969,Jan,1006913.62
1969,Feb,955254.45
1969,Mar,889360.69
1969,Apr,918974.06
1969,May,1110504.6
1969,Jun,1177842.49
1969,Jul,1196803
1969,Aug,1107349.69
1969,Sep,1067978.54
1969,Oct,996422.78
1969,Nov,939168.54
1969,Dec,1171807.95
1970,Jan,976979.39
1970,Feb,946117.21
1970,Mar,1096566.51
1970,Apr,1093192.45
1970,May,896292.52
1970,Jun,1045301.06
1970,Jul,886112.56
1970,Aug,1267087.96
1970,Sep,1231576.64
1970,Oct,1158025.53
1970,Nov,1007812.81
1970,Dec,867681.11
1971,Jan,1027886.24
1971,Feb,1099481.54
1971,Mar,1062822
1971,Apr,1055964.36
1971,May,1109067.14
1971,Jun,932504.23
1971,Jul,1107166.28
1971,Aug,1336993.41
1971,Sep,1120458.06
1971,Oct,933244.67
1971,Nov,929986.09
1971,Dec,1184731.33
1972,Jan,1207815.39
1972,Feb,911395.57
1972,Mar,1102709.33
1972,Apr,995205.59
1972,May,1309183.82
1972,Jun,1176108.75
1972,Jul,1266693.61
1972,Aug,1183006.51
1972,Sep,1007477.31
1972,Oct,1230789.55
1972,Nov,1209766.27
1972,Dec,1236102.88
1973,Jan,1180559.52
1973,Feb,1038812.13
1973,Mar,1129853.75
1973,Apr,1111607.57
1973,May,1270132.19
1973,Jun,973714.82
1973,Jul,1017638.71
1973,Aug,966950.77
1973,Sep,1035489.17
1973,Oct,1249129.83
1973,Nov,969166.12
1973,Dec,1159206.32
1974,Jan,957753.53
1974,Feb,898598.4
1974,Mar,1140459.01
1974,Apr,1180237.71
1974,May,1285906.6
1974,Jun,1063656.18
1974,Jul,1100456.88
1974,Aug,1086281.94
1974,Sep,1043724.99
1974,Oct,953468.48
1974,Nov,1022764.42
1974,Dec,1327761.82
1975,Jan,1065683.54
1975,Feb,1306462.95
1975,Mar,1168617.66
1975,Apr,1078774.7
1975,May,1176956.8
1975,Jun,1387657.37
1975,Jul,1086568.4
1975,Aug,1139394.78
1975,Sep,982536.11
1975,Oct,1180252.32
1975,Nov,1245593.62
1975,Dec,1036631.69
1976,Jan,1408552.22
1976,Feb,1045842.26
1976,Mar,1004021.77
1976,Apr,998251.2
1976,May,1042519.29
1976,Jun,1224698
1976,Jul,1067246.42
1976,Aug,1364876.61
1976,Sep,1375342.22
1976,Oct,1258156.99
1976,Nov,1408972.49
1976,Dec,1120341.96
1977,Jan,1298319.87
1977,Feb,1056504.71
1977,Mar,973171.95
1977,Apr,1136051.28
1977,May,1103700.8
1977,Jun,1333067.71
1977,Jul,1273539.51
1977,Aug,1394212.81
1977,Sep,1226274.55
1977,Oct,1278115.42
1977,Nov,1068943.01
1977,Dec,1313598.87
1978,Jan,1408303.15
1978,Feb,1181090.3
1978,Mar,1281493.82
1978,Apr,1311144.83
1978,May,1202842.8
1978,Jun,1213270
1978,Jul,1134961.47
1978,Aug,1101856.31
1978,Sep,1459785.58
1978,Oct,1230304.59
1978,Nov,1057614.38
1978,Dec,1427788.57
1979,Jan,1101177.46
1979,Feb,1108780.9
1979,Mar,1363621.92
1979,Apr,1231007.36
1979,May,1307942.03
1979,Jun,1178899.04
1979,Jul,1242331.99
1979,Aug,1395755.72
1979,Sep,1006072.7
1979,Oct,1261314.38
1979,Nov,1017402.43
1979,Dec,1003465.17
1980,Jan,1253674.3
1980,Feb,1347302.7
1980,Mar,1060598.76
1980,Apr,1214017.86
1980,May,1175057.43
1980,Jun,1330384.49
1980,Jul,1424934.87
1980,Aug,1325491.1
1980,Sep,1296738.4
1980,Oct,1283959.14
1980,Nov,1377284.14
1980,Dec,1232873.71
1981,Jan,1066353.02
1981,Feb,1316203.67
1981,Mar,1333050.67
1981,Apr,1219239.95
1981,May,1387282.97
1981,Jun,1400734.82
1981,Jul,992649.61
1981,Aug,1247426.7
1981,Sep,1150056.93
1981,Oct,1231084.41
1981,Nov,1478413.25
1981,Dec,1408745.26
1982,Jan,1086436.52
1982,Feb,1176143
1982,Mar,1038102.27
1982,Apr,1504542.95
1982,May,1492267.08
1982,Jun,1231216.22
1982,Jul,1459548.77
1982,Aug,1309616.23
1982,Sep,1104559.22
1982,Oct,1166583.64
1982,Nov,1533075.82
1982,Dec,1012421.34
1983,Jan,1162806.09
1983,Feb,1132262.27
1983,Mar,1036521.1
1983,Apr,1064563.46
1983,May,1139127.59
1983,Jun,1332074.45
1983,Jul,1266769.96
1983,Aug,1040913.01
1983,Sep,1072333.1
1983,Oct,1244642.96
1983,Nov,1145774.94
1983,Dec,1455807.02
1984,Jan,1528420.42
1984,Feb,1413565.6
1984,Mar,1416976.19
1984,Apr,1267444.32
1984,May,1514011.05
1984,Jun,1335884.07
1984,Jul,1430339.24
1984,Aug,1126924.72
1984,Sep,1300747.66
1984,Oct,1152851.42
1984,Nov,1030704.83
1984,Dec,1207037.06
1985,Jan,1285636.27
1985,Feb,1106464
1985,Mar,1423899.78
1985,Apr,1192996.48
1985,May,1413636.82
1985,Jun,1360563.81
1985,Jul,1211644.42
1985,Aug,1053573.76
1985,Sep,1525420.57
1985,Oct,1494393.77
1985,Nov,1488915.82
1985,Dec,1265915.46
1986,Jan,1519014.47
1986,Feb,1376435.72
1986,Mar,1205398.61
1986,Apr,1367654.71
1986,May,1314708.96
1986,Jun,1509816.65
1986,Jul,1177579.03
1986,Aug,1494024.37
1986,Sep,1465761.17
1986,Oct,1560023.19
1986,Nov,1328505.89
1986,Dec,1496821.69
1987,Jan,1329030.22
1987,Feb,1395935.01
1987,Mar,1283430.66
1987,Apr,1179484.86
1987,May,1318663.02
1987,Jun,1105764.38
1987,Jul,1474473.59
1987,Aug,1142434.59
1987,Sep,1325386.79
1987,Oct,1407994.55
1987,Nov,1182881.83
1987,Dec,1498494.43
1988,Jan,1101488.33
1988,Feb,1308192.84
1988,Mar,1240437.11
1988,Apr,1247922.45
1988,May,1147897.14
1988,Jun,1502569.41
1988,Jul,1193346.47
1988,Aug,1191570.58
1988,Sep,1274461.79
1988,Oct,1252443.96
1988,Nov,1392370.29
1988,Dec,1347219.51
1989,Jan,1514601.78
1989,Feb,1487868.33
1989,Mar,1232275.55
1989,Apr,1115000.24
1989,May,1548456.55
1989,Jun,1187422.96
1989,Jul,1333518.86
1989,Aug,1355148.82
1989,Sep,1430654.89
1989,Oct,1329102.22
1989,Nov,1072944.03
1989,Dec,1522993.3
1990,Jan,1055120.62
1990,Feb,1391389.73
1990,Mar,1275571.54
1990,Apr,1347057.26
1990,May,1464052.15
1990,Jun,1186884.26
1990,Jul,1567735.11
1990,Aug,1472064.35
1990,Sep,1383764.56
1990,Oct,1398423.78
1990,Nov,1195677.85
1990,Dec,1466821.8
1991,Jan,1256835.49
1991,Feb,1248913.58
1991,Mar,1288740.36
1991,Apr,1301737.42
1991,May,1501399.6
1991,Jun,1265832.52
1991,Jul,1565654.19
1991,Aug,1442080.44
1991,Sep,1352484.29
1991,Oct,1593154.66
1991,Nov,1127928.88
1991,Dec,1338913.81
1992,Jan,1296444.4
1992,Feb,1303966.3
1992,Mar,1237664.22
1992,Apr,1456700.58
1992,May,1133907.83
1992,Jun,1462005.24
1992,Jul,1228998.63
1992,Aug,1380801.63
1992,Sep,1487931.26
1992,Oct,1355516
1992,Nov,1295703.43
1992,Dec,1242710.16
1993,Jan,1402852.62
1993,Feb,1126912.66
1993,Mar,1470534.02
1993,Apr,1220427.87
1993,May,1348717.99
1993,Jun,1274146.18
1993,Jul,1073380.45
1993,Aug,1278097.77
1993,Sep,1074464.58
1993,Oct,1303701.56
1993,Nov,1557606.22
1993,Dec,1521540.26
1994,Jan,1078201.62
1994,Feb,1585565.33
1994,Mar,1565455.56
1994,Apr,1230846.86
1994,May,1400190.95
1994,Jun,1222624.49
1994,Jul,1535508.09
1994,Aug,1290720.33
1994,Sep,1105467.91
1994,Oct,1213261.07
1994,Nov,1277111.91
1994,Dec,1170610.15
1995,Jan,1168552.53
1995,Feb,1132340.57
1995,Mar,1393385.87
1995,Apr,1121254.96
1995,May,1407415.89
1995,Jun,1246601.8
1995,Jul,1375083.24
1995,Aug,1263385.28
1995,Sep,1105775.5
1995,Oct,1423325.9
1995,Nov,1194165.2
1995,Dec,1553974.1
1996,Jan,1634301.74
1996,Feb,1187234.46
1996,Mar,1326266.08
1996,Apr,1302510.97
1996,May,1193149.6
1996,Jun,1570438.19
1996,Jul,1119965.95
1996,Aug,1359433.39
1996,Sep,1299160.41
1996,Oct,1500922.12
1996,Nov,1401026.68
1996,Dec,1622124.71
1997,Jan,1399248.23
1997,Feb,1380219.22
1997,Mar,1592062.45
1997,Apr,1620893
1997,May,1250564.96
1997,Jun,1136976.96
1997,Jul,1045615.76
1997,Aug,1359617.86
1997,Sep,1328182.38
1997,Oct,1650505.39
1997,Nov,1290553.39
1997,Dec,1345707.92
1998,Jan,1179900.31
1998,Feb,1350612.23
1998,Mar,1365403.09
1998,Apr,1596921.97
1998,May,1533728.16
1998,Jun,1096961.48
1998,Jul,1474145.52
1998,Aug,1614961.73
1998,Sep,1328235.91
1998,Oct,1461399.02
1998,Nov,1619951.35
1998,Dec,1353833.03
1999,Jan,1515126.37
1999,Feb,1518875.7
1999,Mar,1660420.93
1999,Apr,1468649.71
1999,May,1563155.09
1999,Jun,1518430.48
1999,Jul,1363385.18
1999,Aug,1495453.07
1999,Sep,1232674.57
1999,Oct,1252405.86
1999,Nov,1491311.46
1999,Dec,1237081.36
2000,Jan,1366953.22
2000,Feb,1214000.64
2000,Mar,1313889.98
2000,Apr,1495843.86
2000,May,1265118.95
2000,Jun,1366874.66
2000,Jul,1636377.24
2000,Aug,1605463.39
2000,Sep,1491572.22
2000,Oct,1111818.61
2000,Nov,1383998.89
2000,Dec,1277752.42
2001,Jan,1279368.88
2001,Feb,1291617.7
2001,Mar,1245532.99
2001,Apr,1269926.26
2001,May,1492060.28
2001,Jun,1156196.95
2001,Jul,1178934.24
2001,Aug,1414616.2
2001,Sep,1434123.76
2001,Oct,1632303.24
2001,Nov,1319210.42
2001,Dec,1610615.24
2002,Jan,1392990.32
2002,Feb,1189882.32
2002,Mar,1564807.64
2002,Apr,1558877.36
2002,May,1417232.95
2002,Jun,1350290.32
2002,Jul,1272462.76
2002,Aug,1285254.08
2002,Sep,1475555.55
2002,Oct,1308763.7
2002,Nov,1206411.06
2002,Dec,1431520.33
2003,Jan,1526631.53
2003,Feb,1506398.4
2003,Mar,1320224.33
2003,Apr,1281258.85
2003,May,1287800.66
2003,Jun,1030365.72
2003,Jul,1082777.92
2003,Aug,1259723.71
2003,Sep,1283182.16
2003,Oct,1362807.18
2003,Nov,1307498.19
2003,Dec,1497469.55
2004,Jan,1197289.43
2004,Feb,1540037.6
2004,Mar,1257965.23
2004,Apr,1248599.33
2004,May,1240986.64
2004,Jun,1281248.62
2004,Jul,1464985.46
2004,Aug,1120678.82
2004,Sep,1387371.68
2004,Oct,1139005.68
2004,Nov,1421125.23
2004,Dec,1161593.77
2005,Jan,1407807.62
2005,Feb,1178944.5
2005,Mar,1225188.27
2005,Apr,1205571.37
2005,May,1340600.71
2005,Jun,1341633.29
2005,Jul,1112622.42
2005,Aug,1236608.66
2005,Sep,1541195.71
2005,Oct,1268383.73
2005,Nov,1398591.5
2005,Dec,1567519.64
2006,Jan,1144865.1
2006,Feb,1273393.6
2006,Mar,1346455.83
2006,Apr,1166978.43
2006,May,1325852.78
2006,Jun,1407829.2
2006,Jul,1154546.3
2006,Aug,1425361.99
2006,Sep,1399313.34
2006,Oct,1193244.2
2006,Nov,1378086.22
2006,Dec,1552100.18
2007,Jan,1565946.57
2007,Feb,1305147.6
2007,Mar,1561125.35
2007,Apr,1505935.8
2007,May,1423942.24
2007,Jun,1363160.5
2007,Jul,1237060.06
2007,Aug,1354967.99
2007,Sep,1141107.45
2007,Oct,1140012.25
2007,Nov,1457319.62
2007,Dec,1251525.23
2008,Jan,1095100.94
2008,Feb,1532775.64
2008,Mar,1227691.53
2008,Apr,1110675.37
2008,May,1381780.9
2008,Jun,1287056.69
2008,Jul,1294620.23
2008,Aug,1212248.42
2008,Sep,1236438.41
2008,Oct,1263573.77
2008,Nov,1370325.38
2008,Dec,1226109.68
2009,Jan,1477355.79
2009,Feb,1087589.86
2009,Mar,1395759.61
2009,Apr,1557264.68
2009,May,1521623.95
2009,Jun,1319199.28
2009,Jul,1203204.35
2009,Aug,1122081.9
2009,Sep,1193337.2
2009,Oct,1482508.94
2009,Nov,1113761.31
2009,Dec,1249385.68
2010,Jan,1324220.42
2010,Feb,1292335.23
2010,Mar,1373995.62
2010,Apr,1296289.59
2010,May,1273368.72
2010,Jun,1133218.04
2010,Jul,1569378.12
2010,Aug,1023236.84
2010,Sep,1071614.54
2010,Oct,1495048.04
2010,Nov,1269174.8
2010,Dec,1214127.35
2011,Jan,1333540.27
2011,Feb,1357069.29
2011,Mar,1476085.91
2011,Apr,1106553.42
2011,May,1435934.07
2011,Jun,1327856.23
2011,Jul,1354468.43
2011,Aug,1284486.49
2011,Sep,1437430.43
2011,Oct,1220034.77
2011,Nov,1357468.8
2011,Dec,1222894.76
2012,Jan,1463204.92
2012,Feb,1286332.43
2012,Mar,1250503.79
2012,Apr,1117372.79
2012,May,1129270.54
2012,Jun,1470167.29
2012,Jul,1322214.09
2012,Aug,1486501.62
2012,Sep,1236441.07
2012,Oct,1230286.11
2012,Nov,1288316.04
2012,Dec,1220519.72
2013,Jan,1389174.84
2013,Feb,1451468.48
2013,Mar,1441672.18
2013,Apr,1266459.54
2013,May,1506432.43
2013,Jun,1267090.86
2013,Jul,1367726.82
2013,Aug,1296863.51
2013,Sep,1200308.4
2013,Oct,1300044.96
2013,Nov,1060626.99
2013,Dec,1181624.14
2014,Jan,1321315.87
2014,Feb,1298617
2014,Mar,1199596.31
2014,Apr,1182058.3
2014,May,1212040.62
2014,Jun,1356725.78
2014,Jul,1202986.65
2014,Aug,1166678.86
2014,Sep,1182911.19
2014,Oct,1049436.11
2014,Nov,1154980.84
2014,Dec,1198446.39
2015,Jan,1383427.26
2015,Feb,1242854.49
2015,Mar,1155236.66
2015,Apr,1380542.73
2015,May,1341889.7
2015,Jun,1065490.94
2015,Jul,1106352.12
2015,Aug,1456971.33
2015,Sep,1318858.18
2015,Oct,1258958.36
2015,Nov,1051124.1
2015,Dec,972788.34
2016,Jan,1366267.07
2016,Feb,1395365.77
2016,Mar,1091557.55
2016,Apr,1185928.91
2016,May,1319814.57
2016,Jun,1076644.58
2016,Jul,1218157.17
2016,Aug,1001052.07
2016,Sep,1082480.97
2016,Oct,1431830.18
2016,Nov,1280914.42
2016,Dec,1373662.24
2017,Jan,1065853.61
2017,Feb,1425886.79
2017,Mar,1101465.51
2017,Apr,1260691.74
2017,May,1028261.77
2017,Jun,1073171.36
2017,Jul,1389874.96
2017,Aug,1302342.82
2017,Sep,1370449.59
2017,Oct,943070.85
2017,Nov,1000505.71
2017,Dec,920395.28
2018,Jan,957421.7
2018,Feb,1338495.28
2018,Mar,1009619.19
2018,Apr,1179201.03
2018,May,964962.88
2018,Jun,1272784.84
2018,Jul,1339668.6
2018,Aug,983469.82
2018,Sep,1364713.27
2018,Oct,1188798.64
2018,Nov,1141961.15
2018,Dec,1032165.9
2019,Jan,1328834.51
2019,Feb,1272205.86
2019,Mar,1029104.71
2019,Apr,995458.13
2019,May,1100927.32
2019,Jun,1413072.51
2019,Jul,1132737.75
2019,Aug,1172059.69
2019,Sep,1256788.69
2019,Oct,930299.17
2019,Nov,903183.45
2019,Dec,1282554.7
2020,Jan,1157188.24
2020,Feb,1173330.78
2020,Mar,1116096.77
2020,Apr,1247687.36
2020,May,1138757.54
2020,Jun,1341016.92
2020,Jul,1155801.75
2020,Aug,1203079.97
2020,Sep,940136.92
2020,Oct,1047228.21
2020,Nov,1281784.47
2020,Dec,1137536.82
2021,Jan,1007010.6
2021,Feb,1097980.98
2021,Mar,998807.03
2021,Apr,855447.45
2021,May,1016271.21
2021,Jun,1229598.28
2021,Jul,1027003.45
2021,Aug,1077642.98
2021,Sep,1032776.69
2021,Oct,1035707.6
2021,Nov,1269860.73
2021,Dec,1142312.76
2022,Jan,1162503.45
2022,Feb,1044591.58
2022,Mar,1027704.45
2022,Apr,1054924.15
2022,May,1149762.11
2022,Jun,1238289.46
2022,Jul,1145917.4
2022,Aug,1053324.59
2022,Sep,854346.56
2022,Oct,937825.01
2022,Nov,963267.86
2022,Dec,960012
2023,Jan,868035.34
2023,Feb,921011.56
2023,Mar,1033860.84
2023,Apr,1083922.08
2023,May,1217793.91
2023,Jun,947234.8
2023,Jul,935140.37
2023,Aug,1055052.3
2023,Sep,894637.27
2023,Oct,1255200.4
2023,Nov,1046344.02
2023,Dec,1106730.33
2024,Jan,1002042.15
2024,Feb,858075.37
2024,Mar,1095764.86
2024,Apr,1041578.87
2024,May,1230598.85
2024,Jun,1043362.38
2024,Jul,832184.39
2024,Aug,951517.54
2024,Sep,1079199.2
2024,Oct,897831.94
2024,Nov,1143392.71
2024,Dec,1207375.5
